{"MIOTA": [0.04428429752066115, 1], "ETH": [0.30479723882958704, 8], "BTC": [0.6764393095835085, 18], "XRP": [0.4676319444444444, 6], "XEM": [0.0375, 3], "BCH": [0.0, 2], "EOS": [0.04428429752066115, 1]}