{"WAVES": [0.0, 2], "STRAT": [0.0, 1], "ZEC": [0.0675, 2], "LTC": [0.08333333333333333, 8], "ETH": [0.3725750166073648, 15], "XML": [0.15625, 2], "BTC": [1.1312309762501753, 48], "STEEM": [0.0, 3], "BCH": [0.0, 3], "DASH": [0.08333333333333333, 4], "MKR": [0.0, 1], "BTS": [0.0, 2], "ETC": [0.027777777777777776, 1], "LSK": [0.2690529336734694, 5], "SC": [0.0, 1], "XMR": [0.0, 7], "ARDR": [0.0, 1], "XEM": [0.0375, 5], "ICX": [0.0, 1], "REP": [0.0, 1], "XRB": [0.0, 1], "USDT": [0.0, 4], "NEO": [0.0, 4], "ADA": [0.0, 1], "EOS": [0.04428429752066115, 1], "QTUM": [0.0, 1], "TRX": [0.0, 2], "MIOTA": [0.04428429752066115, 4], "XRP": [0.4676319444444444, 10]}