{"BCH": [0.0, 2], "XRP": [0.4676319444444444, 6], "MIOTA": [0.04428429752066115, 1], "EOS": [0.04428429752066115, 1], "ETH": [0.05181112771847597, 3], "BTC": [-0.12356069041649159, 19], "XRB": [0.0, 1], "LTC": [0.385, 2], "XEM": [-0.20062500000000003, 5]}