{"XRP": [0.4676319444444444, 6], "MIOTA": [0.04428429752066115, 1], "BCH": [0.0, 2], "ETH": [0.08306112771847597, 4], "EOS": [0.04428429752066115, 1], "LTC": [0.385, 2], "BTC": [-0.10606069041649153, 19], "XEM": [0.0375, 3]}