{"BTC": [-0.03114591768921887, 16], "XRP": [0.4676319444444444, 6], "ETH": [0.05181112771847597, 3], "XEM": [-0.23062500000000002, 3], "BCH": [0.0, 2], "MIOTA": [0.04428429752066115, 1], "XRB": [0.0, 1], "EOS": [0.04428429752066115, 1]}