{"ETH": [0.30479723882958704, 8], "XRP": [0.46763194444444445, 6], "BTC": [0.6764393095835085, 18], "BCH": [0.0, 2], "XEM": [0.0375, 3], "EOS": [0.04428429752066115, 1], "MIOTA": [0.04428429752066115, 1]}