{"EOS": [0.1413378689492326, 3],
 "BTC": [0.4917707489774479, 11],
 "XRP": [0.46763194444444445, 6],
 "XEM": [-0.07014642857142858, 6],
 "XRB": [0.0, 1], 
 "ETH": [0.05181112771847597, 2],
 "MIOTA": [0.04428429752066115, 1],
 "NEO": [0.0625, 1],
 "BCH": [0.0, 1]}
