{"EOS": [0.04428429752066115, 1], "BTC": [-0.12356069041649148, 21], "XEM": [0.0375, 3], "MIOTA": [0.04428429752066115, 1], "ETH": [0.08306112771847597, 4], "XRP": [0.46763194444444445, 6], "LTC": [0.385, 2], "BCH": [0.0, 2]}